Spk FR,20000.000,90.267,Total Distortion,100.000,67.063,Spk THD,100.000,13.103,Spk Rub & Buzz,100.000,0.185,Spk FR Smoothed,20000.000,90.267,Mic Seal L smoothed,20000.000,-57.623,Mic Seal R smoothed,20000.000,-40.103,Mic Seal Delta L,100.000,-135.612,Mic Seal Delta R,100.000,-135.049,Mic L THD,200.000,11.587,Mic L Rub & Buzz,200.000,0.524,Mic L FR smoothed,10000.000,-37.093,Mic L 1k  Sensitivity,NaN,-39.370,Check Mic Missing  Delta Curve,200.000,-0.703,Mic R THD,200.000,12.780,Mic R Rub & Buzz,200.000,0.564,Mic R FR smoothed,10000.000,-35.598,Mic R 1k  Sensitivity,NaN,-39.240,mic seal L final,100.000,-96.242,mic seal R final,100.000,-95.809
,19000.000,88.333,,106.000,67.996,,106.000,15.712,,106.000,0.197,,19000.000,92.996,,19000.000,-43.568,,19000.000,-43.868,,106.000,-135.521,,106.000,-134.840,,212.000,7.394,,212.000,0.336,,9500.000,-36.262,,,,,212.000,-1.087,,212.000,9.349,,212.000,0.458,,9500.000,-35.478,,,,,106.000,-96.151,,106.000,-95.600
x data lin,18000.000,97.442,x data lin,112.000,68.581,x data lin,112.000,18.128,x data lin,112.000,0.219,x data lin,18000.000,99.462,x data lin,18000.000,-42.985,x data lin,18000.000,-41.644,x data lin,112.000,-135.273,x data lin,112.000,-134.459,x data lin,224.000,4.874,x data lin,224.000,0.259,x data lin,9000.000,-36.639,x data lin,,,x data lin,224.000,-1.324,x data lin,224.000,6.564,x data lin,224.000,0.326,x data lin,9000.000,-36.630,x data lin,,,x data lin,112.000,-95.903,x data lin,112.000,-95.219
y data dB,17000.000,103.722,y data dB,118.000,69.100,y data lin,118.000,21.248,y data lin,118.000,0.250,y data dB,17000.000,101.480,y data dB,17000.000,-41.055,y data dB,17000.000,-39.197,y data dB,118.000,-134.911,y data dB,118.000,-133.970,y data lin,236.000,3.817,y data lin,236.000,0.190,y data dB,8500.000,-38.557,y data dB,,,y data dB,236.000,-1.368,y data lin,236.000,4.943,y data lin,236.000,0.206,y data dB,8500.000,-39.181,y data dB,,,y data dB,118.000,-95.541,y data dB,118.000,-94.730
z data lin,16000.000,95.530,z data lin,125.000,69.663,z data lin,125.000,24.867,z data lin,125.000,0.330,z data lin,16000.000,98.946,z data lin,16000.000,-40.164,z data lin,16000.000,-40.050,z data lin,125.000,-135.120,z data lin,125.000,-133.952,z data lin,250.000,3.164,z data lin,250.000,0.157,z data lin,8000.000,-40.228,z data lin,,,z data lin,250.000,-1.363,z data lin,250.000,4.056,z data lin,250.000,0.182,z data lin,8000.000,-40.610,z data lin,,,z data lin,125.000,-95.751,z data lin,125.000,-94.712
,15000.000,88.262,,132.000,70.220,,132.000,27.762,,132.000,0.465,,15000.000,93.944,,15000.000,-40.877,,15000.000,-42.833,,132.000,-136.463,,132.000,-134.810,,265.000,2.765,,265.000,0.111,,7500.000,-39.579,,,,,265.000,-1.290,,265.000,3.535,,265.000,0.129,,7500.000,-39.960,,,,,132.000,-97.094,,132.000,-95.570
x axis log,14000.000,96.994,x axis log,140.000,70.631,x axis log,140.000,28.804,x axis log,140.000,0.474,x axis log,14000.000,97.114,x axis log,14000.000,-40.072,x axis log,14000.000,-41.654,x axis log,140.000,-138.106,x axis log,140.000,-136.322,x axis log,280.000,2.364,x axis log,280.000,0.061,x axis log,7100.000,-38.956,x axis log,,,x axis log,280.000,-1.137,x axis log,280.000,2.949,x axis log,280.000,0.090,x axis log,7100.000,-39.383,x axis log,,,x axis log,140.000,-98.736,x axis log,140.000,-97.082
y axis lin,13200.000,99.956,y axis lin,150.000,70.976,y axis lin,150.000,25.476,y axis lin,150.000,0.550,y axis lin,13200.000,98.339,y axis lin,13200.000,-38.993,y axis lin,13200.000,-39.896,y axis lin,150.000,-138.417,y axis lin,150.000,-137.541,y axis lin,300.000,2.048,y axis lin,300.000,0.064,y axis lin,6700.000,-38.731,y axis lin,,,y axis lin,300.000,-0.947,y axis lin,300.000,2.455,y axis lin,300.000,0.063,y axis lin,6700.000,-38.327,y axis lin,,,y axis lin,150.000,-99.047,y axis lin,150.000,-98.301
z axis lin,12500.000,93.960,z axis lin,160.000,71.221,z axis lin,160.000,20.522,z axis lin,160.000,0.537,z axis lin,12500.000,96.185,z axis lin,12500.000,-39.002,z axis lin,12500.000,-40.302,z axis lin,160.000,-138.211,z axis lin,160.000,-137.917,z axis lin,315.000,1.763,z axis lin,315.000,0.035,z axis lin,6300.000,-37.736,z axis lin,,,z axis lin,315.000,-0.818,z axis lin,315.000,2.054,z axis lin,315.000,0.063,z axis lin,6300.000,-36.947,z axis lin,,,z axis lin,160.000,-98.841,z axis lin,160.000,-98.677
,11800.000,92.414,,170.000,71.350,,170.000,16.646,,170.000,0.565,,11800.000,95.178,,11800.000,-39.052,,11800.000,-40.732,,170.000,-137.693,,170.000,-137.683,,335.000,1.486,,335.000,0.035,,6000.000,-36.777,,,,,335.000,-0.792,,335.000,1.746,,335.000,0.054,,6000.000,-36.465,,,,,170.000,-98.323,,170.000,-98.443
Hz,11200.000,98.575,Hz,180.000,71.466,Hz,180.000,13.610,Hz,180.000,0.426,Hz,11200.000,97.070,Hz,11200.000,-41.135,Hz,11200.000,-40.869,Hz,180.000,-136.867,Hz,180.000,-137.128,Hz,355.000,1.389,Hz,355.000,0.067,Hz,5600.000,-36.725,,,,Hz,355.000,-0.806,Hz,355.000,1.639,Hz,355.000,0.069,Hz,5600.000,-36.756,,,,Hz,180.000,-97.497,Hz,180.000,-97.888
dB re 20u Pa,10600.000,96.257,dB re 20u Pa,190.000,71.664,%,190.000,11.227,%,190.000,0.691,dB re 20u Pa,10600.000,97.593,dB re 1 FS/Pa,10600.000,-47.853,dB re 1 FS/Pa,10600.000,-41.797,dB re 50k FS/Pa/ Pa,190.000,-136.174,dB re 50k FS/Pa/ Pa,190.000,-136.515,%,375.000,1.276,%,375.000,0.046,dB re 1 FS/Pa,5300.000,-37.666,dB re 1 FS/Pa,,,dB re 1 ,375.000,-0.886,%,375.000,1.561,%,375.000,0.065,dB re 1 FS/Pa,5300.000,-37.532,dB re 1 FS/Pa,,,dB re 50k FS/Pa/ Pa/ FS/Pa,190.000,-96.805,dB re 50k FS/Pa/ Pa/ FS/Pa,190.000,-97.275
deg.,10000.000,98.651,deg.,200.000,71.892,deg.,200.000,9.471,deg.,200.000,0.607,deg.,10000.000,99.014,deg.,10000.000,-48.152,deg.,10000.000,-42.844,deg.,200.000,-135.657,deg.,200.000,-135.976,deg.,400.000,1.065,deg.,400.000,0.036,deg.,5000.000,-39.250,deg.,,,deg.,400.000,-0.924,deg.,400.000,1.238,deg.,400.000,0.042,deg.,5000.000,-38.866,deg.,,,deg.,200.000,-96.287,deg.,200.000,-96.737
,9500.000,101.137,,212.000,70.516,,212.000,6.674,,212.000,0.633,,9500.000,101.591,,9500.000,-44.347,,9500.000,-41.887,,212.000,-135.220,,212.000,-135.628,,425.000,1.033,,425.000,0.031,,4750.000,-39.698,,,,,425.000,-0.769,,425.000,1.218,,425.000,0.039,,4750.000,-39.432,,,,,212.000,-95.850,,212.000,-96.388
,9000.000,103.871,,224.000,71.544,,224.000,6.438,,224.000,0.635,,9000.000,103.819,,9000.000,-36.913,,9000.000,-36.274,,224.000,-134.945,,224.000,-135.469,,450.000,1.077,,450.000,0.027,,4500.000,-38.884,,,,,450.000,-0.609,,450.000,1.206,,450.000,0.030,,4500.000,-38.707,,,,,224.000,-95.575,,224.000,-96.229
,8500.000,105.392,,236.000,72.172,,236.000,5.966,,236.000,0.482,,8500.000,104.108,,8500.000,-33.985,,8500.000,-33.726,,236.000,-134.947,,236.000,-135.447,,475.000,0.868,,475.000,0.018,,4250.000,-38.057,,,,,475.000,-0.583,,475.000,0.991,,475.000,0.024,,4250.000,-37.935,,,,,236.000,-95.578,,236.000,-96.207
,8000.000,99.734,,250.000,72.617,,250.000,5.346,,250.000,0.484,,8000.000,102.101,,8000.000,-35.603,,8000.000,-35.175,,250.000,-135.111,,250.000,-135.521,,500.000,0.750,,500.000,0.020,,4000.000,-37.977,,,,,500.000,-0.587,,500.000,0.846,,500.000,0.020,,4000.000,-38.017,,,,,250.000,-95.741,,250.000,-96.281
,7500.000,100.593,,265.000,73.367,,265.000,5.046,,265.000,0.328,,7500.000,100.577,,7500.000,-40.013,,7500.000,-40.423,,265.000,-135.244,,265.000,-135.643,,530.000,0.636,,530.000,0.026,,3750.000,-39.102,,,,,530.000,-0.571,,530.000,0.707,,530.000,0.020,,3750.000,-39.139,,,,,265.000,-95.874,,265.000,-96.403
,7100.000,101.255,,280.000,74.313,,280.000,4.906,,280.000,0.228,,7100.000,101.356,,7100.000,-39.399,,7100.000,-43.790,,280.000,-135.315,,280.000,-135.714,,560.000,0.514,,560.000,0.013,,3550.000,-40.024,,,,,560.000,-0.510,,560.000,0.551,,560.000,0.018,,3550.000,-39.915,,,,,280.000,-95.945,,280.000,-96.474
,6700.000,102.175,,300.000,75.532,,300.000,4.817,,300.000,0.272,,6700.000,101.048,,6700.000,-39.115,,6700.000,-41.513,,300.000,-135.307,,300.000,-135.661,,600.000,0.368,,600.000,0.017,,3350.000,-39.684,,,,,600.000,-0.442,,600.000,0.397,,600.000,0.019,,3350.000,-39.539,,,,,300.000,-95.937,,300.000,-96.421
,6300.000,96.601,,315.000,77.345,,315.000,5.436,,315.000,0.179,,6300.000,98.538,,6300.000,-39.557,,6300.000,-37.393,,315.000,-135.220,,315.000,-135.553,,630.000,0.299,,630.000,0.020,,3150.000,-39.269,,,,,630.000,-0.388,,630.000,0.325,,630.000,0.020,,3150.000,-38.953,,,,,315.000,-95.850,,315.000,-96.313
,6000.000,94.661,,335.000,75.639,,335.000,4.130,,335.000,0.133,,6000.000,95.342,,6000.000,-29.474,,6000.000,-30.132,,335.000,-135.130,,335.000,-135.488,,670.000,0.213,,670.000,0.016,,3000.000,-39.133,,,,,670.000,-0.327,,670.000,0.239,,670.000,0.018,,3000.000,-38.623,,,,,335.000,-95.760,,335.000,-96.248
,5600.000,95.136,,355.000,76.225,,355.000,4.136,,355.000,0.205,,5600.000,99.698,,5600.000,-25.059,,5600.000,-26.005,,355.000,-135.099,,355.000,-135.484,,710.000,0.166,,710.000,0.018,,2800.000,-39.087,,,,,710.000,-0.268,,710.000,0.187,,710.000,0.011,,2800.000,-38.549,,,,,355.000,-95.729,,355.000,-96.244
,5300.000,104.450,,375.000,76.181,,375.000,3.854,,375.000,0.213,,5300.000,102.829,,5300.000,-24.855,,5300.000,-25.296,,375.000,-135.115,,375.000,-135.504,,750.000,0.144,,750.000,0.015,,2650.000,-38.061,,,,,750.000,-0.231,,750.000,0.164,,750.000,0.017,,2650.000,-37.717,,,,,375.000,-95.746,,375.000,-96.264
,5000.000,102.491,,400.000,76.441,,400.000,3.672,,400.000,0.206,,5000.000,103.772,,5000.000,-28.343,,5000.000,-27.711,,400.000,-135.139,,400.000,-135.503,,800.000,0.116,,800.000,0.013,,2500.000,-37.094,,,,,800.000,-0.204,,800.000,0.142,,800.000,0.019,,2500.000,-36.948,,,,,400.000,-95.769,,400.000,-96.263
,4750.000,105.048,,425.000,76.515,,425.000,3.518,,425.000,0.190,,4750.000,106.434,,4750.000,-34.901,,4750.000,-32.353,,425.000,-135.145,,425.000,-135.467,,850.000,0.115,,850.000,0.020,,2360.000,-37.734,,,,,850.000,-0.164,,850.000,0.129,,850.000,0.018,,2360.000,-37.637,,,,,425.000,-95.775,,425.000,-96.227
,4500.000,109.744,,450.000,76.689,,450.000,3.431,,450.000,0.185,,4500.000,107.904,,4500.000,-34.158,,4500.000,-32.727,,450.000,-135.127,,450.000,-135.411,,900.000,0.079,,900.000,0.017,,2240.000,-39.276,,,,,900.000,-0.119,,900.000,0.065,,900.000,0.014,,2240.000,-39.076,,,,,450.000,-95.757,,450.000,-96.171
,4250.000,104.208,,475.000,76.602,,475.000,3.255,,475.000,0.102,,4250.000,105.951,,4250.000,-27.437,,4250.000,-30.283,,475.000,-135.107,,475.000,-135.358,,950.000,0.057,,950.000,0.016,,2120.000,-40.047,,,,,950.000,-0.097,,950.000,0.066,,950.000,0.020,,2120.000,-39.789,,,,,475.000,-95.738,,475.000,-96.118
,4000.000,100.202,,500.000,76.333,,500.000,3.052,,500.000,0.058,,4000.000,106.105,,4000.000,-22.200,,4000.000,-26.569,,500.000,-135.142,,500.000,-135.339,,1000.000,0.069,,1000.000,0.017,,2000.000,-40.384,,,,,1000.000,-0.077,,1000.000,0.071,,1000.000,0.014,,2000.000,-40.198,,,,,500.000,-95.772,,500.000,-96.099
,3750.000,110.639,,530.000,75.056,,530.000,2.545,,530.000,0.052,,3750.000,110.593,,3750.000,-20.605,,3750.000,-24.787,,530.000,-135.348,,530.000,-135.416,,1060.000,0.081,,1060.000,0.017,,1900.000,-40.668,,,,,1060.000,-0.020,,1060.000,0.073,,1060.000,0.015,,1900.000,-40.632,,,,,530.000,-95.978,,530.000,-96.176
,3550.000,113.353,,560.000,74.308,,560.000,2.215,,560.000,0.021,,3550.000,113.593,,3550.000,-22.689,,3550.000,-26.923,,560.000,-136.581,,560.000,-135.932,,1120.000,0.087,,1120.000,0.018,,1800.000,-40.494,,,,,1120.000,0.051,,1120.000,0.088,,1120.000,0.020,,1800.000,-40.727,,,,,560.000,-97.211,,560.000,-96.692
,3350.000,115.637,,600.000,73.136,,600.000,1.655,,600.000,0.068,,3350.000,115.453,,3350.000,-27.184,,3350.000,-34.335,,600.000,-137.159,,600.000,-136.357,,1180.000,0.091,,1180.000,0.013,,1700.000,-40.260,,,,,1180.000,0.115,,1180.000,0.105,,1180.000,0.017,,1700.000,-40.672,,,,,600.000,-97.790,,600.000,-97.117
,3150.000,116.581,,630.000,72.280,,630.000,1.855,,630.000,0.055,,3150.000,116.773,,3150.000,-28.351,,3150.000,-41.856,,630.000,-134.616,,630.000,-135.588,,1250.000,0.102,,1250.000,0.015,,1600.000,-40.312,,,,,1250.000,0.206,,1250.000,0.113,,1250.000,0.020,,1600.000,-40.560,,,,,630.000,-95.246,,630.000,-96.348
,3000.000,117.968,,670.000,72.652,,670.000,1.885,,670.000,0.019,,3000.000,117.958,,3000.000,-28.873,,3000.000,-32.948,,670.000,-132.664,,670.000,-134.963,,1320.000,0.103,,1320.000,0.018,,1500.000,-40.373,,,,,1320.000,0.292,,1320.000,0.099,,1320.000,0.012,,1500.000,-40.335,,,,,670.000,-93.294,,670.000,-95.723
,2800.000,118.986,,710.000,70.253,,710.000,1.273,,710.000,0.011,,2800.000,118.919,,2800.000,-22.579,,2800.000,-20.749,,710.000,-132.628,,710.000,-134.810,,1400.000,0.087,,1400.000,0.018,,1400.000,-40.275,,,,,1400.000,0.225,,1400.000,0.076,,1400.000,0.017,,1400.000,-40.084,,,,,710.000,-93.259,,710.000,-95.570
,2650.000,119.584,,750.000,69.927,,750.000,1.256,,750.000,0.005,,2650.000,118.966,,2650.000,-14.637,,2650.000,-13.658,,750.000,-132.948,,750.000,-133.623,,1500.000,0.073,,1500.000,0.016,,1320.000,-40.061,,,,,1500.000,0.008,,1500.000,0.074,,1500.000,0.021,,1320.000,-39.853,,,,,750.000,-93.578,,750.000,-94.383
,2500.000,117.354,,800.000,70.568,,800.000,1.245,,800.000,0.007,,2500.000,118.296,,2500.000,-11.369,,2500.000,-10.820,,800.000,-133.059,,800.000,-132.804,,1600.000,0.112,,1600.000,0.014,,1250.000,-39.848,,,,,1600.000,-0.707,,1600.000,0.116,,1600.000,0.012,,1250.000,-39.677,,,,,800.000,-93.689,,800.000,-93.564
,2360.000,118.486,,850.000,69.715,,850.000,1.046,,850.000,0.006,,2360.000,118.085,,2360.000,-11.379,,2360.000,-11.054,,850.000,-132.965,,850.000,-132.726,,1700.000,0.358,,1700.000,0.008,,1180.000,-39.690,,,,,1700.000,-1.924,,1700.000,0.486,,1700.000,0.028,,1180.000,-39.526,,,,,850.000,-93.595,,850.000,-93.487
,2240.000,117.913,,900.000,70.876,,900.000,1.123,,900.000,0.003,,2240.000,117.709,,2240.000,-13.504,,2240.000,-13.381,,900.000,-132.789,,900.000,-132.668,,1800.000,0.177,,1800.000,0.013,,1120.000,-39.577,,,,,1800.000,-2.167,,1800.000,0.226,,1800.000,0.014,,1120.000,-39.413,,,,,900.000,-93.419,,900.000,-93.428
,2120.000,116.211,,950.000,72.815,,950.000,1.349,,950.000,0.004,,2120.000,116.134,,2120.000,-16.581,,2120.000,-16.780,,950.000,-132.575,,950.000,-132.487,,1900.000,0.055,,1900.000,0.007,,1060.000,-39.455,,,,,1900.000,-1.390,,1900.000,0.069,,1900.000,0.012,,1060.000,-39.302,,,,,950.000,-93.205,,950.000,-93.247
,2000.000,112.745,,1000.000,73.314,,1000.000,1.433,,1000.000,0.004,,2000.000,113.895,,2000.000,-20.227,,2000.000,-20.530,,1000.000,-132.301,,1000.000,-132.217,,2000.000,0.033,,2000.000,0.019,,1000.000,-39.370,,,,,2000.000,-0.740,,2000.000,0.044,,2000.000,0.014,,1000.000,-39.240,,,,,1000.000,-92.931,,1000.000,-92.977
,1900.000,112.712,,1060.000,75.010,,1060.000,1.819,,1060.000,0.005,,1900.000,112.426,,1900.000,-22.376,,1900.000,-22.374,,1060.000,-131.981,,1060.000,-131.889,,2120.000,0.027,,2120.000,0.005,,950.000,-39.380,,,,,2120.000,-0.141,,2120.000,0.022,,2120.000,0.002,,950.000,-39.265,,,,,1060.000,-92.611,,1060.000,-92.649
,1800.000,111.388,,1120.000,75.653,,1120.000,2.055,,1120.000,0.005,,1800.000,111.653,,1800.000,-22.844,,1800.000,-22.853,,1120.000,-131.736,,1120.000,-131.635,,2240.000,0.025,,,,,900.000,-39.425,,,,,2240.000,0.232,,2240.000,0.023,,,,,900.000,-39.298,,,,,1120.000,-92.366,,1120.000,-92.395
,1700.000,110.905,,1180.000,73.949,,1180.000,1.774,,1180.000,0.005,,1700.000,110.975,,1700.000,-23.676,,1700.000,-23.487,,1180.000,-131.742,,1180.000,-131.766,,2360.000,0.020,,,,,850.000,-39.451,,,,,2360.000,0.156,,2360.000,0.021,,,,,850.000,-39.313,,,,,1180.000,-92.372,,1180.000,-92.526
,1600.000,110.668,,1250.000,70.921,,1250.000,1.293,,1250.000,0.013,,1600.000,110.497,,1600.000,-24.199,,1600.000,-23.972,,1250.000,-132.382,,1250.000,-132.606,,2500.000,0.019,,,,,800.000,-39.466,,,,,2500.000,-0.033,,2500.000,0.026,,,,,800.000,-39.325,,,,,1250.000,-93.012,,1250.000,-93.366
,1500.000,109.644,,1320.000,73.921,,1320.000,1.728,,1320.000,0.038,,1500.000,109.765,,1500.000,-25.066,,1500.000,-24.660,,1320.000,-133.995,,1320.000,-133.836,,2650.000,0.022,,,,,750.000,-39.482,,,,,2650.000,-0.150,,2650.000,0.017,,,,,750.000,-39.331,,,,,1320.000,-94.625,,1320.000,-94.596
,1400.000,108.924,,1400.000,69.751,,1400.000,1.100,,1400.000,0.020,,1400.000,109.176,,1400.000,-26.072,,1400.000,-25.296,,1400.000,-135.248,,1400.000,-134.472,,2800.000,0.032,,,,,710.000,-39.494,,,,,2800.000,-0.068,,2800.000,0.025,,,,,710.000,-39.345,,,,,1400.000,-95.878,,1400.000,-95.232
,1320.000,109.172,,1500.000,67.922,,1500.000,0.820,,1500.000,0.020,,1320.000,108.994,,1320.000,-25.001,,1320.000,-24.841,,1500.000,-134.831,,1500.000,-134.425,,3000.000,0.032,,,,,670.000,-39.494,,,,,3000.000,-0.055,,3000.000,0.030,,,,,670.000,-39.360,,,,,1500.000,-95.461,,1500.000,-95.185
,1250.000,108.691,,1600.000,63.379,,1600.000,0.432,,1600.000,0.003,,1250.000,108.886,,1250.000,-23.497,,1250.000,-23.721,,1600.000,-134.696,,1600.000,-134.470,,3150.000,0.024,,,,,630.000,-39.504,,,,,3150.000,-0.204,,3150.000,0.035,,,,,630.000,-39.383,,,,,1600.000,-95.326,,1600.000,-95.230
,1180.000,108.970,,1700.000,62.002,,1700.000,0.359,,1700.000,0.004,,1180.000,109.014,,1180.000,-22.728,,1180.000,-22.752,,1700.000,-134.650,,1700.000,-134.462,,3350.000,0.031,,,,,600.000,-39.532,,,,,3350.000,-0.254,,3350.000,0.037,,,,,600.000,-39.420,,,,,1700.000,-95.281,,1700.000,-95.222
,1120.000,109.395,,1800.000,59.434,,1800.000,0.253,,1800.000,0.003,,1120.000,109.404,,1120.000,-22.332,,1120.000,-22.232,,1800.000,-134.497,,1800.000,-134.505,,3550.000,0.020,,,,,560.000,-39.551,,,,,3550.000,-0.253,,3550.000,0.025,,,,,560.000,-39.462,,,,,1800.000,-95.127,,1800.000,-95.265
,1060.000,109.813,,1900.000,60.595,,1900.000,0.248,,1900.000,0.002,,1060.000,109.811,,1060.000,-22.170,,1060.000,-22.077,,1900.000,-134.802,,1900.000,-134.800,,3750.000,0.020,,,,,530.000,-39.581,,,,,3750.000,-0.427,,3750.000,0.024,,,,,530.000,-39.509,,,,,1900.000,-95.432,,1900.000,-95.560
,1000.000,110.187,,2000.000,59.841,,2000.000,0.226,,2000.000,0.003,,1000.000,110.104,,1000.000,-22.196,,1000.000,-22.112,,2000.000,-134.123,,2000.000,-134.426,,4000.000,0.041,,,,,500.000,-39.602,,,,,4000.000,-0.697,,4000.000,0.046,,,,,500.000,-39.529,,,,,2000.000,-94.753,,2000.000,-95.186
,950.000,110.217,,2120.000,68.683,,2120.000,0.420,,,,,950.000,110.125,,950.000,-22.449,,950.000,-22.361,,2120.000,-132.715,,2120.000,-132.913,,4250.000,0.038,,,,,475.000,-39.568,,,,,4250.000,-1.018,,4250.000,0.040,,,,,475.000,-39.500,,,,,2120.000,-93.345,,2120.000,-93.673
,900.000,109.869,,2240.000,73.343,,2240.000,0.591,,,,,900.000,109.832,,900.000,-22.957,,900.000,-22.836,,2240.000,-131.213,,2240.000,-131.090,,4500.000,0.044,,,,,450.000,-39.658,,,,,4500.000,-0.933,,4500.000,0.057,,,,,450.000,-39.575,,,,,2240.000,-91.843,,2240.000,-91.850
,850.000,109.327,,2360.000,76.027,,2360.000,0.753,,,,,850.000,109.317,,850.000,-23.647,,850.000,-23.409,,2360.000,-129.463,,2360.000,-129.139,,4750.000,0.051,,,,,425.000,-39.651,,,,,4750.000,-0.145,,4750.000,0.037,,,,,425.000,-39.599,,,,,2360.000,-90.094,,2360.000,-89.899
,800.000,108.664,,2500.000,71.579,,2500.000,0.514,,,,,800.000,108.677,,800.000,-24.382,,800.000,-24.127,,2500.000,-129.665,,2500.000,-129.116,,5000.000,0.052,,,,,400.000,-39.428,,,,,5000.000,0.217,,5000.000,0.031,,,,,400.000,-39.450,,,,,2500.000,-90.295,,2500.000,-89.876
,750.000,107.946,,2650.000,75.635,,2650.000,0.635,,,,,750.000,108.187,,750.000,-24.761,,750.000,-25.436,,2650.000,-133.603,,2650.000,-132.624,,5300.000,0.058,,,,,375.000,-39.501,,,,,5300.000,0.256,,5300.000,0.075,,,,,375.000,-39.496,,,,,2650.000,-94.234,,2650.000,-93.384
,710.000,108.155,,2800.000,73.481,,2800.000,0.531,,,,,710.000,107.870,,710.000,-24.759,,710.000,-26.941,,2800.000,-141.498,,2800.000,-139.668,,5600.000,0.079,,,,,355.000,-39.659,,,,,5600.000,0.790,,5600.000,0.054,,,,,355.000,-39.605,,,,,2800.000,-102.128,,2800.000,-100.428
,670.000,107.148,,3000.000,71.973,,3000.000,0.501,,,,,670.000,107.368,,670.000,-25.296,,670.000,-27.595,,3000.000,-146.831,,3000.000,-150.906,,6000.000,0.071,,,,,335.000,-39.634,,,,,6000.000,1.030,,6000.000,0.060,,,,,335.000,-39.613,,,,,3000.000,-107.461,,3000.000,-111.666
,630.000,106.913,,3150.000,68.649,,3150.000,0.401,,,,,630.000,107.506,,630.000,-27.110,,630.000,-28.082,,3150.000,-145.124,,3150.000,-158.629,,6300.000,0.076,,,,,315.000,-39.637,,,,,6300.000,0.311,,6300.000,0.214,,,,,315.000,-39.653,,,,,3150.000,-105.754,,3150.000,-119.389
,600.000,108.760,,3350.000,67.266,,3350.000,0.381,,,,,600.000,108.034,,600.000,-29.125,,600.000,-28.323,,3350.000,-142.636,,3350.000,-149.788,,6700.000,0.030,,,,,300.000,-39.659,,,,,6700.000,-0.946,,6700.000,0.049,,,,,300.000,-39.690,,,,,3350.000,-103.266,,3350.000,-110.548
,560.000,107.400,,3550.000,63.212,,3550.000,0.311,,,,,560.000,107.682,,560.000,-28.900,,560.000,-28.250,,3550.000,-136.281,,3550.000,-140.516,,7100.000,0.029,,,,,280.000,-39.660,,,,,7100.000,-1.283,,7100.000,0.024,,,,,280.000,-39.657,,,,,3550.000,-96.912,,3550.000,-101.276
,530.000,106.943,,3750.000,56.077,,3750.000,0.187,,,,,530.000,106.990,,530.000,-28.358,,530.000,-28.426,,3750.000,-131.199,,3750.000,-135.381,,7500.000,0.019,,,,,265.000,-39.645,,,,,7500.000,-1.147,,7500.000,0.044,,,,,265.000,-39.660,,,,,3750.000,-91.829,,3750.000,-96.141
,500.000,106.641,,4000.000,43.208,,4000.000,0.141,,,,,500.000,106.649,,500.000,-28.493,,500.000,-28.690,,4000.000,-128.305,,4000.000,-132.674,,8000.000,0.032,,,,,250.000,-39.677,,,,,8000.000,-1.751,,8000.000,0.141,,,,,250.000,-39.759,,,,,4000.000,-88.935,,4000.000,-93.434
,475.000,106.352,,4250.000,50.582,,4250.000,0.208,,,,,475.000,106.338,,475.000,-28.770,,475.000,-29.020,,4250.000,-133.388,,4250.000,-136.233,,8500.000,0.030,,,,,236.000,-39.807,,,,,8500.000,-1.710,,8500.000,0.192,,,,,236.000,-39.812,,,,,4250.000,-94.018,,4250.000,-96.993
,450.000,105.980,,4500.000,54.152,,4500.000,0.166,,,,,450.000,105.983,,450.000,-29.144,,450.000,-29.428,,4500.000,-142.062,,4500.000,-140.631,,9000.000,0.480,,,,,224.000,-39.936,,,,,9000.000,-0.603,,9000.000,0.500,,,,,224.000,-39.808,,,,,4500.000,-102.692,,4500.000,-101.391
,425.000,105.588,,4750.000,56.257,,4750.000,0.363,,,,,425.000,105.584,,425.000,-29.560,,425.000,-29.883,,4750.000,-141.334,,4750.000,-138.787,,9500.000,0.050,,,,,212.000,-39.856,,,,,9500.000,-0.197,,9500.000,0.049,,,,,212.000,-39.728,,,,,4750.000,-101.964,,4750.000,-99.547
,400.000,105.142,,5000.000,62.349,,5000.000,0.984,,,,,400.000,105.102,,400.000,-30.037,,400.000,-30.401,,5000.000,-132.115,,5000.000,-131.482,,10000.000,0.056,,,,,200.000,-39.552,,,,,10000.000,-0.807,,10000.000,0.097,,,,,200.000,-39.598,,,,,5000.000,-92.745,,5000.000,-92.242
,375.000,104.463,,5300.000,51.945,,5300.000,0.237,,,,,375.000,104.513,,375.000,-30.602,,375.000,-30.991,,5300.000,-127.684,,5300.000,-128.125,,,,,,,,,,,,,,,,,,,,,,,,,,,,,5300.000,-88.314,,5300.000,-88.885
,355.000,103.894,,5600.000,48.533,,5600.000,0.468,,,,,355.000,103.911,,355.000,-31.188,,355.000,-31.573,,5600.000,-124.757,,5600.000,-125.703,,,,,,,,,,,,,,,,,,,,,,,,,,,,,5600.000,-85.387,,5600.000,-86.463
,335.000,103.320,,6000.000,50.232,,6000.000,0.601,,,,,335.000,103.316,,335.000,-31.814,,335.000,-32.172,,6000.000,-124.816,,6000.000,-125.474,,,,,,,,,,,,,,,,,,,,,,,,,,,,,6000.000,-85.446,,6000.000,-86.234
,315.000,102.639,,6300.000,64.955,,6300.000,2.616,,,,,315.000,102.649,,315.000,-32.571,,315.000,-32.904,,6300.000,-138.095,,6300.000,-135.931,,,,,,,,,,,,,,,,,,,,,,,,,,,,,6300.000,-98.725,,6300.000,-96.691
,300.000,101.877,,6700.000,63.922,,6700.000,1.223,,,,,300.000,101.789,,300.000,-33.518,,300.000,-33.872,,6700.000,-140.164,,6700.000,-142.562,,,,,,,,,,,,,,,,,,,,,,,,,,,,,6700.000,-100.794,,6700.000,-103.322
,280.000,100.498,,7100.000,58.965,,7100.000,0.768,,,,,280.000,100.641,,280.000,-34.673,,280.000,-35.073,,7100.000,-140.756,,7100.000,-145.147,,,,,,,,,,,,,,,,,,,,,,,,,,,,,7100.000,-101.386,,7100.000,-105.907
,265.000,99.308,,7500.000,48.295,,7500.000,0.243,,,,,265.000,99.378,,265.000,-35.866,,265.000,-36.265,,7500.000,-140.590,,7500.000,-141.000,,,,,,,,,,,,,,,,,,,,,,,,,,,,,7500.000,-101.220,,7500.000,-101.760
,250.000,98.055,,8000.000,39.229,,8000.000,0.094,,,,,250.000,98.119,,250.000,-36.992,,250.000,-37.401,,8000.000,-137.704,,8000.000,-137.276,,,,,,,,,,,,,,,,,,,,,,,,,,,,,8000.000,-98.334,,8000.000,-98.036
,236.000,96.659,,8500.000,53.117,,8500.000,0.243,,,,,236.000,96.790,,236.000,-38.158,,236.000,-38.657,,8500.000,-138.093,,8500.000,-137.834,,,,,,,,,,,,,,,,,,,,,,,,,,,,,8500.000,-98.723,,8500.000,-98.594
,224.000,95.369,,9000.000,49.592,,9000.000,0.193,,,,,224.000,95.455,,224.000,-39.490,,224.000,-40.014,,9000.000,-140.732,,9000.000,-140.093,,,,,,,,,,,,,,,,,,,,,,,,,,,,,9000.000,-101.362,,9000.000,-100.853
,212.000,94.027,,9500.000,41.330,,9500.000,0.102,,,,,212.000,94.075,,212.000,-41.145,,212.000,-41.554,,9500.000,-145.938,,9500.000,-143.478,,,,,,,,,,,,,,,,,,,,,,,,,,,,,9500.000,-106.568,,9500.000,-104.238
,200.000,92.364,,10000.000,34.876,,10000.000,0.065,,,,,200.000,92.516,,200.000,-43.141,,200.000,-43.461,,10000.000,-147.166,,10000.000,-141.858,,,,,,,,,,,,,,,,,,,,,,,,,,,,,10000.000,-107.796,,10000.000,-102.618
,190.000,90.659,,,,,,,,,,,190.000,90.799,,190.000,-45.376,,190.000,-45.716,,10600.000,-145.446,,10600.000,-139.390,,,,,,,,,,,,,,,,,,,,,,,,,,,,,10600.000,-106.076,,10600.000,-100.150
,180.000,88.789,,,,,,,,,,,180.000,88.989,,180.000,-47.878,,180.000,-48.139,,11200.000,-138.205,,11200.000,-137.939,,,,,,,,,,,,,,,,,,,,,,,,,,,,,11200.000,-98.835,,11200.000,-98.699
,170.000,86.924,,,,,,,,,,,170.000,87.110,,170.000,-50.583,,170.000,-50.573,,11800.000,-134.230,,11800.000,-135.910,,,,,,,,,,,,,,,,,,,,,,,,,,,,,11800.000,-94.860,,11800.000,-96.670
,160.000,84.977,,,,,,,,,,,160.000,85.167,,160.000,-53.044,,160.000,-52.750,,12500.000,-135.187,,12500.000,-136.487,,,,,,,,,,,,,,,,,,,,,,,,,,,,,12500.000,-95.817,,12500.000,-97.247
,150.000,82.853,,,,,,,,,,,150.000,83.221,,150.000,-55.196,,150.000,-54.321,,13200.000,-137.333,,13200.000,-138.236,,,,,,,,,,,,,,,,,,,,,,,,,,,,,13200.000,-97.963,,13200.000,-98.996
,140.000,81.442,,,,,,,,,,,140.000,81.820,,140.000,-56.286,,140.000,-54.502,,14000.000,-137.186,,14000.000,-138.767,,,,,,,,,,,,,,,,,,,,,,,,,,,,,14000.000,-97.816,,14000.000,-99.527
,132.000,81.351,,,,,,,,,,,132.000,81.477,,132.000,-54.986,,132.000,-53.333,,15000.000,-134.821,,15000.000,-136.777,,,,,,,,,,,,,,,,,,,,,,,,,,,,,15000.000,-95.451,,15000.000,-97.537
,125.000,81.751,,,,,,,,,,,125.000,81.874,,125.000,-53.246,,125.000,-52.078,,16000.000,-139.110,,16000.000,-138.996,,,,,,,,,,,,,,,,,,,,,,,,,,,,,16000.000,-99.740,,16000.000,-99.756
,118.000,82.554,,,,,,,,,,,118.000,82.608,,118.000,-52.303,,118.000,-51.362,,17000.000,-142.535,,17000.000,-140.677,,,,,,,,,,,,,,,,,,,,,,,,,,,,,17000.000,-103.165,,17000.000,-101.437
,112.000,83.414,,,,,,,,,,,112.000,83.396,,112.000,-51.877,,112.000,-51.063,,18000.000,-142.447,,18000.000,-141.106,,,,,,,,,,,,,,,,,,,,,,,,,,,,,18000.000,-103.077,,18000.000,-101.866
,106.000,84.071,,,,,,,,,,,106.000,84.092,,106.000,-51.428,,106.000,-50.747,,19000.000,-136.564,,19000.000,-136.864,,,,,,,,,,,,,,,,,,,,,,,,,,,,,19000.000,-97.194,,19000.000,-97.624
,100.000,84.716,,,,,,,,,,,100.000,84.716,,100.000,-50.896,,100.000,-50.333,,20000.000,-147.890,,20000.000,-130.370,,,,,,,,,,,,,,,,,,,,,,,,,,,,,20000.000,-108.521,,20000.000,-91.130
